"name","nok","usd","sector","ownership","country","id","type","voting"
"AB SA","49661500","5631641","Technology","2.6","Poland","4876","equities","2.4"
"ACM Research Inc","294492899","33395654","Technology","2.01","United States","7272","equities","0.76"
"AIXTRON SE","622348180","70574621","Technology","3.07","Germany","1851","equities","3.07"
"ALSO Holding AG","205727750","23329638","Technology","0.55","Switzerland","6052","equities","0.55"
"ANSYS Inc","2199202401","249390744","Technology","0.71","United States","7397","equities","0.71"
"ASM International NV","9369572517","1062514602","Technology","4.88","Netherlands","4719","equities","4.87"
"ASML Holding NV","64495578572","7313833570","Technology","2.24","Netherlands","4720","equities","2.24"
"AT&S Austria Technologie & Systemtechnik AG","304939535","34580309","Technology","1.81","Austria","344","equities","1.81"
"AVEVA Group PLC","148740277","16867228","Technology","0.12","United Kingdom","6903","equities","0.12"
"Acast AB","8984023","1018793","Technology","0.22","Sweden","5875","equities","0.22"
"Adesso SE","80180279","9092487","Technology","0.59","Germany","1847","equities","0.59"
"Adobe Inc","20670343312","2344028136","Technology","0.87","United States","7282","equities","0.87"
"Advanced Energy Industries Inc","262315786","29746752","Technology","0.87","United States","7289","equities","0.87"
"Advanced Micro Devices Inc","12229099046","1386786461","Technology","0.8","United States","7290","equities","0.8"
"Ailleron SA","9642228","1093434","Technology","2.97","Poland","4878","equities","2.25"
"Akamai Technologies Inc","1294918591","146844470","Technology","0.77","United States","7312","equities","0.77"
"Alarm.com Holdings Inc","373435940","42347838","Technology","1","United States","7313","equities","1"
"Alfa Financial Software Holdings PLC","33062428","3749297","Technology","0.49","United Kingdom","6885","equities","0.49"
"Allegro MicroSystems Inc","46846814","5312454","Technology","0.08","United States","7333","equities","0.08"
"Allscripts Healthcare Solutions Inc","148225030","16808799","Technology","0.74","United States","7337","equities","0.74"
"Almawave SpA","15092898","1711543","Technology","1.15","Italy","2801","equities","1.15"
"Alpha & Omega Semiconductor Ltd","21468257","2434512","Technology","0.15","Bermuda","7341","equities","0.15"
"Alphabet Inc","144417034064","16376969945","Technology","0.85","United States","7344","equities","0.65"
"Alphawave IP Group PLC","71592015","8118573","Technology","0.45","United Kingdom","6887","equities","0.45"
"Altair Engineering Inc","390667319","44301886","Technology","0.73","United States","7346","equities","0.17"
"Alten SA","1049393447","119001786","Technology","1.92","France","1665","equities","1.67"
"Alteryx Inc","314821502","35700929","Technology","0.87","United States","7347","equities","0.43"
"Amadeus IT Group SA","4909815410","556775729","Technology","1.82","Spain","5787","equities","1.82"
"Ambarella Inc","749041609","84941725","Technology","1.13","Cayman Islands","7353","equities","1.13"
"Amdocs Ltd","848934969","96269686","Technology","1.03","Guernsey","7357","equities","1.03"
"American Software Inc/GA","7958273","902472","Technology","0.1","United States","7372","equities","0.07"
"Amkor Technology Inc","162363668","18412128","Technology","0.3","United States","7386","equities","0.3"
"Amphenol Corp","4109418027","466010232","Technology","0.89","United States","7390","equities","0.89"
"Analog Devices Inc","9441733368","1070697682","Technology","1.16","United States","7392","equities","1.16"
"Anaplan Inc","531630230","60287156","Technology","0.89","United States","7393","equities","0.89"
"Appfolio Inc","168572575","19116221","Technology","0.46","United States","7408","equities","0.09"
"Appian Corp","182844746","20734693","Technology","0.45","United States","7410","equities","0.09"
"Apple Inc","216951926710","24602466089","Technology","0.84","United States","7412","equities","0.84"
"Applied Materials Inc","9822548806","1113882359","Technology","0.8","United States","7414","equities","0.8"
"Arrow Electronics Inc","797976767","90490998","Technology","0.97","United States","7433","equities","0.97"
"Asana Inc","203241788","23047729","Technology","0.17","United States","7438","equities","0.03"
"Ascential PLC","596700774","67666191","Technology","2.83","United Kingdom","6893","equities","2.83"
"Aspen Technology Inc","866311817","98240230","Technology","0.96","United States","7442","equities","0.96"
"Asseco Poland SA","113713120","12895129","Technology","0.72","Poland","4886","equities","0.72"
"Atlassian Corp PLC","3198331980","362692580","Technology","0.38","United Kingdom","7458","equities","0.08"
"Atos SE","823849276","93424954","Technology","1.98","France","1673","equities","1.98"
"Atoss Software AG","234228105","26561594","Technology","1.35","Germany","1857","equities","1.35"
"Atotech Ltd","18555697","2104226","Technology","0.04","Jersey","7461","equities","0.04"
"Auction Technology Group PLC","179598489","20366566","Technology","0.83","United Kingdom","6900","equities","0.83"
"Auto Trader Group PLC","1797724726","203862958","Technology","2.15","United Kingdom","6901","equities","2.15"
"Autodesk Inc","13165304942","1492952717","Technology","2.41","United States","7463","equities","2.41"
"Avalara Inc","731039186","82900240","Technology","0.74","United States","7468","equities","0.74"
"Avast PLC","1006005764","114081599","Technology","1.34","United Kingdom","6902","equities","1.34"
"Avaya Holdings Corp","148359259","16824020","Technology","1.01","United States","7473","equities","1.01"
"Avnet Inc","354156008","40161483","Technology","0.98","United States","7480","equities","0.98"
"Axcelis Technologies Inc","190551831","21608681","Technology","0.87","United States","7482","equities","0.87"
"Axway Software SA","9153691","1038034","Technology","0.16","France","1675","equities","0.09"
"Azenta Inc","878674852","99642204","Technology","1.29","United States","7490","equities","1.29"
"BE Semiconductor Industries NV","1248534003","141584433","Technology","2.11","Netherlands","4724","equities","2.11"
"Baltic Classifieds Group PLC","25625020","2905891","Technology","0.17","United Kingdom","6911","equities","0.17"
"Bandwidth Inc","138037357","15653511","Technology","0.87","United States","7498","equities","0.51"
"Barco NV","402243994","45614687","Technology","2.27","Belgium","394","equities","2.27"
"Be Shaping the Future SpA","49602122","5624908","Technology","1.32","Italy","2821","equities","1.32"
"Bechtle AG","1172260066","132934927","Technology","1.47","Germany","1866","equities","1.47"
"Benchmark Electronics Inc","87624587","9936676","Technology","1.04","United States","7515","equities","1.04"
"Big Technologies plc","42175490","4782723","Technology","0.38","United Kingdom","6920","equities","0.38"
"BigCommerce Holdings Inc","63330088","7181666","Technology","0.28","United States","7525","equities","0.28"
"Black Knight Inc","1029241087","116716497","Technology","0.91","United States","7535","equities","0.91"
"BlackBerry Ltd","269516194","30563282","Technology","0.57","Canada","632","equities","0.57"
"Blackbaud Inc","292538014","33173969","Technology","0.87","United States","7536","equities","0.87"
"Blackline Inc","417488815","47343458","Technology","0.78","United States","7537","equities","0.78"
"Blend Labs Inc","5209239","590731","Technology","0.04","United States","7541","equities","0.01"
"Blue Prism Group plc","182522072","20698102","Technology","1.25","United Kingdom","6922","equities","1.25"
"Bottomline Technologies DE Inc","189182559","21453405","Technology","0.84","United States","7557","equities","0.84"
"Box Inc","417287155","47320590","Technology","1.22","United States","7558","equities","1.22"
"Braze Inc","19862821","2252455","Technology","0.03","United States","7562","equities","0"
"Brightcove Inc","13743761","1558550","Technology","0.37","United States","7565","equities","0.37"
"Broadcom Inc","20654843790","2342270482","Technology","0.85","United States","7573","equities","0.85"
"Bumble Inc","52712662","5977644","Technology","0.09","United States","7586","equities","0.14"
"Byggfakta Group Nordic Holdco AB","142445078","16153349","Technology","1.03","Sweden","5907","equities","1.03"
"Bytes Technology Group PLC","185221623","21004232","Technology","1.14","United Kingdom","6935","equities","1.14"
"C3.ai Inc","119154523","13512187","Technology","0.41","United States","7590","equities","0.16"
"CACI International Inc","537076131","60904724","Technology","0.97","United States","7593","equities","0.97"
"CANCOM SE","486600222","55180729","Technology","2.13","Germany","1875","equities","2.13"
"CDK Global Inc","453777517","51458616","Technology","1.04","United States","7638","equities","1.04"
"CDW Corp/DE","2270849462","257515560","Technology","0.93","United States","7639","equities","0.93"
"CGI Inc","1744384029","197814094","Technology","0.92","Canada","657","equities","0.46"
"CMC Materials Inc","489985358","55564605","Technology","1.02","United States","7704","equities","1.02"
"CSG Systems International Inc","228919507","25959596","Technology","1.38","United States","7780","equities","1.38"
"CTS Corp","104487005","11848883","Technology","1","United States","7782","equities","1"
"Cadence Design Systems Inc","3906301299","442976685","Technology","0.86","United States","7596","equities","0.86"
"Capgemini SE","7684128084","871384290","Technology","2.06","France","1694","equities","2.06"
"Cargurus Inc","315752312","35806483","Technology","0.9","United States","7619","equities","0.41"
"Celestica Inc","114466782","12980595","Technology","0.93","Canada","656","equities","0.2"
"Cerence Inc","204092561","23144207","Technology","0.77","United States","7647","equities","0.77"
"Ceridian HCM Holding Inc","167574594","19003050","Technology","0.12","United States","7648","equities","0.12"
"Change Healthcare Inc","480980394","54543437","Technology","0.82","United States","7655","equities","0.82"
"Check Point Software Technologies Ltd","858642228","97370494","Technology","0.63","Israel","7661","equities","0.63"
"Cherry AG","16729997","1897191","Technology","0.28","Germany","1879","equities","0.28"
"Cint Group AB","362161334","41069292","Technology","1.46","Sweden","5915","equities","1.46"
"Cirrus Logic Inc","454523071","51543163","Technology","0.98","United States","7685","equities","0.98"
"Citrix Systems Inc","80470348","9125381","Technology","0.08","United States","7690","equities","0.08"
"Clarivate PLC","698066322","79161099","Technology","0.49","Jersey","7692","equities","0.49"
"Clear Secure Inc","10881797","1234002","Technology","0.03","United States","7696","equities","0.01"
"Cloudflare Inc","2817873823","319548419","Technology","0.76","United States","7703","equities","0.32"
"Cognizant Technology Solutions Corp","4012719136","455044525","Technology","0.98","United States","7715","equities","0.98"
"Cognyte Software Ltd","79112533","8971404","Technology","0.87","Israel","7716","equities","0.87"
"ComArch SA","86422535","9800362","Technology","2.7","Poland","4903","equities","1.45"
"Comet Holding AG","603499023","68437116","Technology","2.39","Switzerland","6082","equities","2.39"
"CommVault Systems Inc","240622637","27286737","Technology","0.87","United States","7734","equities","0.87"
"Computacenter PLC","481347741","54585095","Technology","1.21","United Kingdom","6955","equities","1.21"
"Concentrix Corp","586782797","66541487","Technology","0.71","United States","7739","equities","0.71"
"Confluent Inc","6807110","771930","Technology","0","United States","7740","equities","0"
"Consensus Cloud Solutions Inc","71600259","8119508","Technology","0.7","United States","7742","equities","0.7"
"Constellation Software Inc/Canada","3030271696","343634453","Technology","0.87","Canada","664","equities","0.87"
"Corning Inc","2428473057","275390161","Technology","0.87","United States","7755","equities","0.87"
"Coupa Software Inc","1225041924","138920418","Technology","1.18","United States","7763","equities","1.18"
"Covetrus Inc","265839581","30146353","Technology","1.1","United States","7767","equities","1.1"
"Crowdstrike Holdings Inc","3018439322","342292655","Technology","0.73","United States","7775","equities","0.4"
"Cy4gate SPA","47071431","5337926","Technology","2.54","Italy","2836","equities","2.54"
"CyberArk Software Ltd","1417799521","160779234","Technology","2.33","Israel","7794","equities","2.33"
"CyberOptics Corp","3239403","367350","Technology","0.11","United States","7795","equities","0.11"
"Cyberoo SpA","11415267","1294498","Technology","1.55","Italy","2837","equities","1.55"
"DXC Technology Co","802247324","90975281","Technology","1.12","United States","7863","equities","1.12"
"Darktrace PLC","75091677","8515437","Technology","0.21","United Kingdom","6965","equities","0.21"
"Dassault Systemes SE","4170378055","472923132","Technology","0.6","France","1713","equities","0.4"
"Datadog Inc","3194901176","362303525","Technology","0.65","United States","7803","equities","0.25"
"Datawalk SA","59337112","6728861","Technology","2.46","Poland","4908","equities","2.14"
"Defence Tech Holding SpA","16412104","1861142","Technology","1.1","Italy","2843","equities","1.1"
"Deliveroo PLC","248524584","28182822","Technology","0.53","United Kingdom","6969","equities","0.26"
"Dell Technologies Inc","1328035227","150599915","Technology","0.35","United States","7812","equities","0.05"
"Descartes Systems Group Inc/The","623668353","70724329","Technology","1.01","Canada","668","equities","1.01"
"Digital Turbine Inc","304708133","34554067","Technology","0.59","United States","7824","equities","0.59"
"Digital Value SpA","318172899","36080979","Technology","2.79","Italy","2846","equities","2.79"
"DigitalOcean Holdings Inc","568682679","64488924","Technology","0.74","United States","7826","equities","0.74"
"Diodes Inc","388157128","44017229","Technology","0.89","United States","7830","equities","0.89"
"DiscoverIE Group PLC","72754901","8250445","Technology","0.62","United Kingdom","6976","equities","0.62"
"DocuSign Inc","2180127251","247227612","Technology","0.82","United States","7837","equities","0.82"
"Dolby Laboratories Inc","493268310","55936894","Technology","0.58","United States","7838","equities","0.14"
"DoorDash Inc","1125853254","127672369","Technology","0.25","United States","7845","equities","0.09"
"Dropbox Inc","82725373","9381102","Technology","0.1","United States","7855","equities","0.03"
"Duck Creek Technologies Inc","109967620","12470388","Technology","0.31","United States","7857","equities","0.31"
"Dun & Bradstreet Holdings Inc","318950441","36169153","Technology","0.41","United States","7860","equities","0.41"
"Dye & Durham Ltd","114617943","12997737","Technology","0.54","Canada","672","equities","0.54"
"Dynatrace Inc","886610172","100542074","Technology","0.58","United States","7865","equities","0.58"
"EPAM Systems Inc","2862602811","324620710","Technology","0.86","United States","7915","equities","0.86"
"Ebix Inc","58478168","6631456","Technology","0.7","United States","7876","equities","0.7"
"Econocom Group SA/NV","105971892","12017270","Technology","1.31","Belgium","401","equities","1.03"
"Elastic NV","763322596","86561196","Technology","0.76","Netherlands","7887","equities","0.76"
"Elmos Semiconductor SE","40495724","4592237","Technology","0.39","Germany","1910","equities","0.39"
"Endava PLC","55349662","6276682","Technology","0.07","United Kingdom","6987","equities","0.02"
"Enea AB","216045","24500","Technology","0","Sweden","5931","equities","0"
"Enfusion Inc","91524720","10378953","Technology","0.44","United States","7906","equities","0.44"
"Enghouse Systems Ltd","148760021","16869467","Technology","0.79","Canada","679","equities","0.79"
"Entegris Inc","1690764460","191733606","Technology","1.02","United States","7911","equities","1.02"
"Envestnet Inc","309304182","35075262","Technology","0.81","United States","7913","equities","0.81"
"Esker SA","155882900","17677205","Technology","0.73","France","1723","equities","0.63"
"Esprinet SpA","32340851","3667470","Technology","0.49","Italy","2853","equities","0.49"
"Eurotech SpA","78143518","8861517","Technology","4.34","Italy","2854","equities","4.34"
"Everbridge Inc","182811357","20730907","Technology","0.8","United States","7937","equities","0.8"
"Exclusive Networks SA","219392309","24879207","Technology","1.27","France","1731","equities","1.27"
"F-Secure Oyj","137201308","15558703","Technology","1.74","Finland","1613","equities","1.74"
"F5 Inc","1294710399","146820861","Technology","0.98","United States","7958","equities","0.98"
"FD Technologies PLC","125828671","14269039","Technology","1.88","United Kingdom","6996","equities","1.88"
"Fabasoft AG","19142775","2170801","Technology","0.49","Austria","351","equities","0.49"
"Fastly Inc","237923070","26980605","Technology","0.6","United States","7964","equities","0.35"
"Fingerprint Cards AB","610886","69275","Technology","0.01","Sweden","5941","equities","0.01"
"Five9 Inc","801921959","90938385","Technology","0.97","United States","7995","equities","0.97"
"Fiverr International Ltd","237313024","26911426","Technology","0.65","Israel","7996","equities","0.65"
"Flex Ltd","802236741","90974081","Technology","1.05","Singapore","7999","equities","1.05"
"FormFactor Inc","327172208","37101506","Technology","1.04","United States","8012","equities","1.04"
"Fortinet Inc","3145704773","356724626","Technology","0.61","United States","8015","equities","0.61"
"Fortnox AB","129002251","14628925","Technology","0.37","Sweden","5942","equities","0.37"
"Freshworks Inc","33541779","3803656","Technology","0.06","United States","8028","equities","0.01"
"Funding Circle Holdings PLC","38656273","4383642","Technology","0.81","United Kingdom","7005","equities","0.81"
"GFT Technologies SE","147730877","16752761","Technology","1.21","Germany","1925","equities","1.21"
"GK Software SE","91825954","10413113","Technology","2.53","Germany","1926","equities","2.53"
"GLOBALFOUNDRIES Inc","183425361","20800535","Technology","0.06","Cayman Islands","8067","equities","0.06"
"Gamivo SA","5931348","672618","Technology","2.26","Poland","4916","equities","2.26"
"Gartner Inc","2149015787","243699555","Technology","0.89","United States","8040","equities","0.89"
"Gitlab Inc","786023597","89135502","Technology","0.71","United States","8060","equities","0.08"
"Global-e Online Ltd","114944974","13034822","Technology","0.14","Israel","8066","equities","0.14"
"Globant SA","1082522352","122758622","Technology","0.94","Luxembourg","8068","equities","0.94"
"GoDaddy Inc","1159170834","131450601","Technology","0.93","United States","8071","equities","0.93"
"Gooch & Housego PLC","18976987","2152001","Technology","0.52","United Kingdom","7015","equities","0.52"
"Greater Than AB","42993799","4875520","Technology","2.99","Sweden","5946","equities","2.99"
"Grid Dynamics Holdings Inc","28058825","3181886","Technology","0.13","United States","8091","equities","0.13"
"Groupe LDLC","72759290","8250943","Technology","2.02","France","1742","equities","1.41"
"Growens SpA","20506123","2325405","Technology","2.72","Italy","2869","equities","2.72"
"Guidewire Software Inc","593179401","67266866","Technology","0.71","United States","8098","equities","0.71"
"HP Inc","3913727202","443818786","Technology","1.09","United States","8165","equities","1.09"
"HansaMatrix AS","1648282","186916","Technology","1.01","Latvia","4491","equities","1.01"
"HashiCorp Inc","200704508","22760000","Technology","0.14","United States","8115","equities","0.02"
"Hewlett Packard Enterprise Co","438075712","49678023","Technology","0.24","United States","8142","equities","0.24"
"Hexagon AB","6949219173","788045221","Technology","1.84","Sweden","5950","equities","1.34"
"HubSpot Inc","2312111607","262194710","Technology","0.84","United States","8168","equities","0.84"
"IAC/InterActiveCorp","808712967","91708489","Technology","0.78","United States","8177","equities","0.5"
"II-VI Inc","351321173","39840011","Technology","0.55","United States","8185","equities","0.55"
"IPG Photonics Corp","505887289","57367893","Technology","0.63","United States","8242","equities","0.63"
"Ideal Group SA","5487415","622276","Technology","0.48","Greece","2067","equities","0.48"
"Impinj Inc","168012954","19052760","Technology","0.88","United States","8191","equities","0.88"
"Indra Sistemas SA","594188068","67381249","Technology","3.52","Spain","5822","equities","3.52"
"Infineon Technologies AG","13886933293","1574785763","Technology","2.6","Germany","1948","equities","2.6"
"Innovid Corp","133946779","15189637","Technology","1.92","United States","8202","equities","1.92"
"Insight Enterprises Inc","306206566","34723991","Technology","0.93","United States","8206","equities","0.93"
"Intel Corp","17920259438","2032167134","Technology","0.97","United States","8217","equities","0.97"
"International Business Machines Corp","8796020011","997473437","Technology","0.83","United States","8225","equities","0.83"
"Intuit Inc","12839035239","1455953556","Technology","0.8","United States","8233","equities","0.8"
"JFrog Ltd","129461786","14681037","Technology","0.51","Israel","8270","equities","0.51"
"Jabil Inc","859709492","97491522","Technology","0.97","United States","8257","equities","0.97"
"Jamf Holding Corp","141768913","16076672","Technology","0.36","United States","8262","equities","0.36"
"Jenoptik AG","283640175","32164950","Technology","1.33","Germany","1950","equities","1.33"
"Just Eat Takeaway.com NV","3435640703","389603518","Technology","3.33","Netherlands","4745","equities","3.33"
"KBR Inc","540343321","61275225","Technology","0.92","United States","8285","equities","0.92"
"KLA Corp","5273168908","597980213","Technology","0.92","United States","8304","equities","0.92"
"KNOW IT AB","44546009","5051542","Technology","0.56","Sweden","5971","equities","0.56"
"Kainos Group PLC","300234156","34046716","Technology","1.06","United Kingdom","7068","equities","1.06"
"Kalray SADIR","4767124","540594","Technology","0.26","France","1755","equities","0.26"
"Kinaxis Inc","300188087","34041492","Technology","0.89","Canada","708","equities","0.89"
"KnowBe4 Inc","27412562","3108599","Technology","0.08","United States","8306","equities","0.01"
"Kulicke & Soffa Industries Inc","252550425","28639355","Technology","0.76","United States","8318","equities","0.76"
"Kyndryl Holdings Inc","308338730","34965779","Technology","0.86","United States","8320","equities","0.86"
"LPKF Laser & Electronics AG","34526470","3915320","Technology","0.72","Germany","1964","equities","0.72"
"Lagercrantz Group AB","19107226","2166770","Technology","0.07","Sweden","5973","equities","0.05"
"Lam Research Corp","8774431506","995025289","Technology","0.98","United States","8325","equities","0.98"
"Lattice Semiconductor Corp","1023514998","116067156","Technology","1.1","United States","8331","equities","1.1"
"Lectra","53906392","6113014","Technology","0.34","France","1761","equities","0.34"
"Leidos Holdings Inc","1116566904","126619292","Technology","1.01","United States","8338","equities","1.01"
"Lightspeed Commerce Inc","412299745","46755015","Technology","0.78","Canada","713","equities","0.78"
"Limeade Inc","22624634","2565646","Technology","2.97","United States","8358","equities","2.97"
"LivePerson Inc","147722283","16751787","Technology","0.66","United States","8370","equities","0.66"
"LiveRamp Holdings Inc","264645102","30010898","Technology","0.92","United States","8371","equities","0.92"
"Logitech International SA","967603317","109726741","Technology","0.75","Switzerland","6121","equities","0.75"
"Logo Yazilim Sanayi Ve Ticaret AS","103791560","11770019","Technology","3.76","Turkey","6831","equities","3.76"
"MACOM Technology Solutions Holdings Inc","233830716","26516530","Technology","0.49","United States","8388","equities","0.49"
"Magnachip Semiconductor Corp","49299606","5590602","Technology","0.57","United States","8395","equities","0.57"
"Magnite Inc","183755603","20837985","Technology","0.9","United States","8396","equities","0.9"
"Majorel Group Luxembourg SA","191481611","21714118","Technology","0.68","Luxembourg","4753","equities","0.68"
"Mandiant Inc","301040798","34138190","Technology","0.81","United States","8399","equities","0.81"
"Manhattan Associates Inc","882561958","100083004","Technology","1.02","United States","8400","equities","1.02"
"Manz AG","13512960","1532377","Technology","0.35","Germany","1965","equities","0.35"
"Marvell Technology Inc","5614174060","636650382","Technology","0.86","United States","8416","equities","0.86"
"Match Group Inc","2797277052","317212734","Technology","0.85","United States","8422","equities","0.85"
"MaxLinear Inc","499584671","56653173","Technology","0.98","United States","8431","equities","0.98"
"McAfee Corp","227","26","Technology","0","United States","8433","equities","0"
"MediaAlpha Inc","217847283","24704000","Technology","2.66","United States","8440","equities","2.66"
"Melexis NV","477064030","54099320","Technology","1.12","Belgium","415","equities","1.12"
"Meta Platforms Inc","83016039021","9414063824","Technology","1.01","United States","8457","equities","0.43"
"Methode Electronics Inc","175480127","19899542","Technology","1.09","United States","8458","equities","1.09"
"Micro Focus International PLC","21638410","2453807","Technology","0.13","United Kingdom","7094","equities","0.13"
"MicroStrategy Inc","488108464","55351764","Technology","0.92","United States","8468","equities","0.35"
"MicroVision Inc","13795680","1564438","Technology","0.19","United States","8470","equities","0.19"
"Microchip Technology Inc","4081479197","462841953","Technology","0.96","United States","8465","equities","0.96"
"Micron Technology Inc","9124372635","1034708803","Technology","0.99","United States","8466","equities","0.99"
"Microsoft Corp","210468180452","23867205748","Technology","0.95","United States","8467","equities","0.95"
"Mimecast Ltd","390079184","44235191","Technology","0.83","Jersey","8474","equities","0.83"
"Mitek Systems Inc","6996660","793425","Technology","0.1","United States","8477","equities","0.1"
"Momentive Global Inc","360209076","40847904","Technology","1.3","United States","8485","equities","1.3"
"Monday.com Ltd","2722","309","Technology","0","Israel","8486","equities","0"
"Moneysupermarket.com Group PLC","262827161","29804742","Technology","1.9","United Kingdom","7099","equities","1.9"
"MongoDB Inc","2391376208","271183358","Technology","0.77","United States","8488","equities","0.77"
"Monolithic Power Systems Inc","1692131213","191888597","Technology","0.84","United States","8489","equities","0.84"
"Muehlbauer Holding AG","5734459","650291","Technology","0.07","Germany","1973","equities","0.07"
"Mycronic AB","324994108","36854508","Technology","1.62","Sweden","5984","equities","1.62"
"N-able Inc","33033501","3746017","Technology","0.19","United States","8510","equities","0.19"
"NCC Group PLC","145635564","16515152","Technology","1.69","United Kingdom","7110","equities","1.69"
"NCR Corp","434390119","49260075","Technology","0.93","United States","8527","equities","0.93"
"NVIDIA Corp","54055118482","6129879737","Technology","0.83","United States","8586","equities","0.83"
"NXP Semiconductors NV","4218855110","478420456","Technology","0.79","Netherlands","8588","equities","0.79"
"Nagarro SE","279245486","31666589","Technology","1","Germany","1975","equities","1"
"National Instruments Corp","520687167","59046207","Technology","1.03","United States","8519","equities","1.03"
"Nemetschek SE","333473437","37816069","Technology","0.26","Germany","1976","equities","0.26"
"NetApp Inc","1761749339","199783330","Technology","0.98","United States","8533","equities","0.98"
"NetScout Systems Inc","232868376","26407400","Technology","1.08","United States","8536","equities","1.08"
"Netcompany Group A/S","707781004","80262750","Technology","1.49","Denmark","1545","equities","1.49"
"Neurones","31695157","3594248","Technology","0.34","France","1774","equities","0.2"
"New Relic Inc","512598295","58128925","Technology","0.81","United States","8543","equities","0.81"
"New Work SE","185166789","20998014","Technology","1.51","Germany","1977","equities","1.51"
"Nextdoor Holdings Inc","49095812","5567492","Technology","0.18","United States","8555","equities","0.02"
"NortonLifeLock Inc","1006284212","114113175","Technology","0.75","United States","8572","equities","0.75"
"Novanta Inc","484430928","54934730","Technology","0.88","Canada","8575","equities","0.88"
"Nuance Communications Inc","1315157442","149139567","Technology","0.84","United States","8580","equities","0.84"
"Nutanix Inc","606169564","68739957","Technology","0.99","United States","8582","equities","0.91"
"ON Semiconductor Corp","3321544641","376664963","Technology","1.29","United States","8608","equities","1.29"
"OVH Groupe SAS","61677584","6994271","Technology","0.13","France","1779","equities","0.13"
"Okta Inc","2171141307","246208601","Technology","0.71","United States","8596","equities","0.5"
"Olo Inc","5288724","599744","Technology","0.02","United States","8604","equities","0"
"Onto Innovation Inc","106667701","12096175","Technology","0.24","United States","8612","equities","0.24"
"Open Text Corp","1180800249","133903388","Technology","1.04","Canada","736","equities","1.04"
"Oracle Corp","8055470752","913494750","Technology","0.39","United States","8618","equities","0.39"
"PROS Holdings Inc","83930436","9517757","Technology","0.62","United States","8740","equities","0.62"
"PSI Software AG","13464825","1526918","Technology","0.18","Germany","1986","equities","0.18"
"PTC Inc","865519667","98150399","Technology","0.69","United States","8747","equities","0.69"
"PVA TePla AG","85254594","9667917","Technology","0.93","Germany","1988","equities","0.93"
"PagerDuty Inc","186626220","21163515","Technology","0.71","United States","8646","equities","0.71"
"Palantir Technologies Inc","2313796985","262385832","Technology","0.72","United States","8648","equities","0.5"
"Palo Alto Networks Inc","5145444293","583496172","Technology","1.06","United States","8649","equities","1.06"
"Parsons Corp","120315386","13643830","Technology","0.4","United States","8656","equities","0.4"
"Paycom Software Inc","1332273903","151080583","Technology","0.61","United States","8662","equities","0.61"
"Pegasystems Inc","393671571","44642570","Technology","0.49","United States","8668","equities","0.49"
"Perficient Inc","505446236","57317877","Technology","1.35","United States","8679","equities","1.35"
"Performance Technologies IT Solutions","6081885","689689","Technology","0.94","Greece","2078","equities","0.94"
"Pharmagest Interactive","125112020","14187771","Technology","0.87","France","1783","equities","0.87"
"Pinterest Inc","1530661052","173577793","Technology","0.73","United States","8697","equities","0.2"
"Pixelworks Inc","11019348","1249600","Technology","0.53","United States","8699","equities","0.53"
"Plexus Corp","245952446","27891141","Technology","1.04","United States","8706","equities","1.04"
"Pointpack PL SA","4700059","532989","Technology","3","Poland","4947","equities","3"
"Power Integrations Inc","394158892","44697832","Technology","0.8","United States","8715","equities","0.8"
"Pricer AB","6507139","737913","Technology","0.25","Sweden","6001","equities","0.24"
"Procore Technologies Inc","342903233","38885412","Technology","0.37","United States","8731","equities","0.37"
"Profile Systems & Software SA","19855778","2251656","Technology","2.77","Greece","2082","equities","2.77"
"Progress Software Corp","195898219","22214964","Technology","1.05","United States","8734","equities","1.05"
"Prosus NV","17461436621","1980136378","Technology","1.14","Netherlands","4760","equities","0.74"
"Pure Storage Inc","634706466","71976057","Technology","0.76","United States","8753","equities","0.76"
"Q2 Holdings Inc","356877240","40470072","Technology","0.9","United States","8755","equities","0.9"
"QT Group Oyj","600313241","68075847","Technology","1.78","Finland","1637","equities","1.78"
"QUALCOMM Inc","19567515727","2218966890","Technology","1.08","United States","8758","equities","1.08"
"Qorvo Inc","1467326988","166395676","Technology","0.97","United States","8756","equities","0.97"
"Quadient SA","202865711","23005082","Technology","3.06","France","1786","equities","3.06"
"Qualtrics International Inc","244515122","27728147","Technology","0.14","United States","8759","equities","0.02"
"Qualys Inc","266869843","30263185","Technology","0.57","United States","8760","equities","0.57"
"Quest Holdings SA","67128793","7612441","Technology","1","Greece","2083","equities","1"
"R22 SA","75821638","8598215","Technology","4.79","Poland","4955","equities","4.79"
"Rambus Inc","282359577","32019729","Technology","1","United States","8772","equities","1"
"Rapid7 Inc","516323488","58551363","Technology","0.88","United States","8773","equities","0.88"
"RealNetworks Inc","1651474","187278","Technology","0.41","United States","8780","equities","0.41"
"Relatech SpA","14983816","1699173","Technology","1.41","Italy","2910","equities","1.41"
"Reply SpA","887442174","100636424","Technology","1.32","Italy","2911","equities","0.95"
"RingCentral Inc","51053457","5789490","Technology","0.03","United States","8815","equities","0.02"
"Rogers Corp","899359775","101987886","Technology","1.99","United States","8825","equities","1.99"
"Roper Technologies Inc","3760160641","426404255","Technology","0.82","United States","8829","equities","0.82"
"S&T AG","185711211","21059752","Technology","1.91","Austria","1995","equities","1.91"
"SAP SE","29076111652","3297246822","Technology","1.89","Germany","1998","equities","1.89"
"SOITEC","1117235352","126695094","Technology","1.47","France","1806","equities","1.14"
"SPS Commerce Inc","396341177","44945304","Technology","0.88","United States","8960","equities","0.88"
"SS&C Technologies Holdings Inc","1614671519","183104625","Technology","0.88","United States","8963","equities","0.88"
"STMicroelectronics NV","7970750686","903887448","Technology","2.01","Netherlands","1813","equities","2.01"
"SUESS MicroTec SE","44118937","5003111","Technology","1.1","Germany","2022","equities","1.1"
"SUSE SA","179941401","20405452","Technology","0.26","Luxembourg","2023","equities","0.26"
"Sabaf SpA","48135220","5458560","Technology","1.73","Italy","2913","equities","1.36"
"Sage Group PLC/The","465087275","52741149","Technology","0.45","United Kingdom","7173","equities","0.45"
"Sailpoint Technologies Holdings Inc","317958880","36056709","Technology","0.8","United States","8849","equities","0.8"
"Samsara Inc","159862591","18128504","Technology","0.13","United States","8852","equities","0.01"
"Sanmina Corp","249281629","28268672","Technology","1.06","United States","8855","equities","1.06"
"ScanSource Inc","67781104","7686414","Technology","0.85","United States","8860","equities","0.85"
"Schrodinger Inc/United States","152309879","17272023","Technology","0.7","United States","8865","equities","0.8"
"Science Applications International Corp","397990432","45132331","Technology","0.95","United States","8866","equities","0.95"
"Scout24 SE","1034456699","117307950","Technology","2.01","Germany","2002","equities","2.01"
"Seagate Technology Holdings PLC","1904702184","215994260","Technology","0.86","Ireland","8871","equities","0.86"
"Seco SpA","43834939","4970906","Technology","0.44","Italy","2922","equities","0.29"
"Secunet Security Networks AG","147176999","16689951","Technology","0.55","Germany","2003","equities","0.55"
"Semtech Corp","450313018","51065740","Technology","0.89","United States","8883","equities","0.89"
"ServiceNow Inc","9589644284","1087470860","Technology","0.84","United States","8889","equities","0.84"
"Sesa SpA","478099423","54216734","Technology","1.77","Italy","2924","equities","1.77"
"Shoper SA","47775131","5417726","Technology","1.11","Poland","4964","equities","1.13"
"Shopify Inc","13736692080","1557748328","Technology","0.9","Canada","757","equities","0.48"
"Shutterstock Inc","220921966","25052671","Technology","0.62","United States","8899","equities","0.62"
"SiTime Corp","31985768","3627203","Technology","0.06","United States","8918","equities","0.06"
"Silicon Laboratories Inc","542368688","61504903","Technology","0.74","United States","8904","equities","0.74"
"Siltronic AG","886659090","100547621","Technology","2.08","Germany","2010","equities","2.08"
"Silvair Inc","4013241","455104","Technology","1.76","United States","8906","equities","1.35"
"SimCorp A/S","652497913","73993617","Technology","1.67","Denmark","1557","equities","1.67"
"Sinch AB","1248869552","141622484","Technology","1.45","Sweden","6016","equities","1.45"
"Skillz Inc","74045032","8396747","Technology","0.28","United States","8922","equities","0.07"
"Skyworks Solutions Inc","2163155657","245303024","Technology","0.96","United States","8925","equities","0.96"
"Smartsheet Inc","882253730","100048051","Technology","1.02","United States","8929","equities","1.02"
"Snap Inc","37584007","4262047","Technology","0.01","United States","8930","equities","0"
"Snowflake Inc","5929676892","672428574","Technology","0.65","United States","8933","equities","0.65"
"Social Chain AG /The","16873400","1913453","Technology","0.3","Germany","2013","equities","0.3"
"Societe pour l'Informatique Industrielle","561178","63638","Technology","0.01","France","1804","equities","0.01"
"Softcat PLC","453462264","51422867","Technology","1.06","United Kingdom","7186","equities","1.06"
"Softline Holding PLC","213530347","24214457","Technology","1.91","Cyprus","5069","equities","1.91"
"Software AG","176835852","20053281","Technology","0.68","Germany","2014","equities","0.68"
"Softwareone Holding AG","533305541","60477137","Technology","1.76","Switzerland","6151","equities","1.76"
"SolarWinds Corp","41077852","4658251","Technology","0.21","United States","8935","equities","0.21"
"Solutions 30 SE","119987641","13606664","Technology","1.57","Luxembourg","1808","equities","1.57"
"Sopra Steria Group SACA","791454248","89751341","Technology","2.44","France","1810","equities","1.89"
"Splunk Inc","880890309","99893438","Technology","0.54","United States","8955","equities","0.54"
"Sprout Social Inc","171235337","19418180","Technology","0.4","United States","8958","equities","0.16"
"Spyrosoft SA","3308175","375149","Technology","0.66","Poland","4965","equities","0.66"
"Stratasys Ltd","163561536","18547967","Technology","1.16","Israel","8989","equities","1.16"
"Switch Inc","77360210","8772690","Technology","0.13","United States","9005","equities","0.13"
"Sword Group","9055751","1026927","Technology","0.22","Luxembourg","1815","equities","0.22"
"Synaptics Inc","645394869","73188128","Technology","0.64","United States","9007","equities","0.64"
"Synchronoss Technologies Inc","22","2","Technology","0","United States","9008","equities","0"
"Synopsys Inc","4452979508","504970290","Technology","0.89","United States","9012","equities","0.89"
"TD SYNNEX Corp","400147156","45376904","Technology","0.42","United States","9026","equities","0.42"
"TE Connectivity Ltd","8465681324","960012851","Technology","1.82","Switzerland","9027","equities","1.82"
"TTM Technologies Inc","60468221","6857129","Technology","0.44","United States","9098","equities","0.44"
"TeamViewer AG","433513151","49160626","Technology","1.82","Germany","2029","equities","1.82"
"Temenos AG","506959969","57489535","Technology","0.56","Switzerland","6165","equities","0.56"
"Tenable Holdings Inc","630610646","71511589","Technology","1.21","United States","9034","equities","1.21"
"Teradata Corp","401840306","45568908","Technology","0.99","United States","9037","equities","0.99"
"Teradyne Inc","2291861995","259898393","Technology","0.98","United States","9038","equities","0.98"
"Texas Instruments Inc","13278331108","1505769945","Technology","0.87","United States","9045","equities","0.87"
"TietoEVRY Oyj","812564776","92145286","Technology","2.49","Finland","1645","equities","2.49"
"TomTom NV","147108119","16682140","Technology","1.22","Netherlands","4766","equities","1.22"
"Topicus.com Inc","69057675","7831178","Technology","0.21","Canada","773","equities","0.21"
"Trustpilot Group PLC","166058389","18831111","Technology","1.03","United Kingdom","7216","equities","1.03"
"Twilio Inc","3420670394","387905877","Technology","0.83","United States","9102","equities","0.55"
"Twitter Inc","2727487967","309298614","Technology","0.89","United States","9104","equities","0.89"
"Tyler Technologies Inc","1650208291","187134515","Technology","0.85","United States","9106","equities","0.85"
"UiPath Inc","487396717","55271052","Technology","0.24","United States","9114","equities","0.04"
"Unifiedpost Group SA","3750536","425313","Technology","0.07","Belgium","432","equities","0.07"
"United Internet AG","958015810","108639512","Technology","1.41","Germany","2036","equities","1.41"
"Unity Software Inc","1907579617","216320563","Technology","0.52","United States","9135","equities","0.52"
"Universal Display Corp","1279875752","145138604","Technology","1.87","United States","9137","equities","1.87"
"Upland Software Inc","33728304","3824808","Technology","0.7","United States","9142","equities","0.7"
"Upwork Inc","369521172","41903901","Technology","0.96","United States","9144","equities","0.96"
"UserTesting Inc","8831454","1001492","Technology","0.08","United States","9153","equities","0.08"
"VK Co Ltd","115692176","13119555","Technology","0.47","British Virgin Islands","5075","equities","0.23"
"VMware Inc","778801846","88316551","Technology","0.18","United States","9202","equities","0.18"
"VTEX","20919309","2372261","Technology","0.12","Cayman Islands","9209","equities","0.02"
"Varonis Systems Inc","455773794","51684995","Technology","0.99","United States","9161","equities","0.99"
"Vercom SA","43410939","4922824","Technology","2.19","Poland","4974","equities","2.19"
"VeriSign Inc","1965237841","222859036","Technology","0.79","United States","9171","equities","0.79"
"Verint Systems Inc","330797990","37512671","Technology","1.09","United States","9169","equities","1.09"
"Vertex Inc","10108330","1146290","Technology","0.05","United States","9177","equities","0.01"
"Vertiv Holdings Co","574842103","65187406","Technology","0.69","United States","9179","equities","0.69"
"Vigo System SA","26841073","3043792","Technology","2.51","Poland","4975","equities","2.51"
"Vimeo Inc","202689351","22985082","Technology","0.77","United States","9190","equities","0.82"
"Vishay Intertechnology Inc","262315703","29746743","Technology","0.94","United States","9196","equities","0.54"
"Vitec Software Group AB","300387109","34064061","Technology","1.58","Sweden","6041","equities","0.9"
"Vroom Inc","9614091","1090243","Technology","0.07","United States","9208","equities","0.07"
"Wavestone","198526365","22512997","Technology","1.8","France","1839","equities","1.22"
"Western Digital Corp","1747273471","198141759","Technology","0.98","United States","9239","equities","0.98"
"Wiit SpA","32346868","3668152","Technology","0.32","Italy","2947","equities","0.21"
"Wirtualna Polska Holding SA","234637747","26608048","Technology","2.6","Poland","4980","equities","1.88"
"Wix.com Ltd","338012672","38330820","Technology","0.43","Israel","9257","equities","0.43"
"Wolfspeed Inc","3143207724","356441460","Technology","2.74","United States","9258","equities","2.74"
"Workday Inc","6066135259","687903027","Technology","1.01","United States","9261","equities","0.33"
"Workiva Inc","406490517","46096245","Technology","0.69","United States","9263","equities","0.35"
"X-Fab Silicon Foundries SE","105784373","11996005","Technology","0.88","Belgium","1842","equities","0.88"
"Xerox Holdings Corp","266627250","30235675","Technology","0.75","United States","9276","equities","0.75"
"Xilinx Inc","4181993167","474240292","Technology","0.9","United States","9277","equities","0.9"
"Xometry Inc","14271294","1618373","Technology","0.07","United States","9279","equities","0.03"
"Xperi Holding Corp","200156891","22697900","Technology","1.15","United States","9281","equities","1.15"
"Yandex NV","1736112826","196876136","Technology","0.91","Netherlands","9284","equities","0.48"
"Yelp Inc","241543878","27391207","Technology","1.04","United States","9285","equities","1.04"
"Yext Inc","75530816","8565236","Technology","0.67","United States","9287","equities","0.67"
"Zaklady Urzadzen Komputerowych ELZAB SA","2314442","262459","Technology","1.65","Poland","4982","equities","1.64"
"Zendesk Inc","611574237","69352850","Technology","0.55","United States","9292","equities","0.55"
"Zeta Global Holdings Corp","12403848","1406603","Technology","0.08","United States","9294","equities","0.03"
"Ziff Davis Inc","360425253","40872419","Technology","0.76","United States","9295","equities","0.76"
"Zoom Video Communications Inc","453196511","51392730","Technology","0.09","United States","9302","equities","0.03"
"ZoomInfo Technologies Inc","690244642","78274117","Technology","0.3","United States","9303","equities","0.3"
"Zscaler Inc","1727616536","195912652","Technology","0.44","United States","9304","equities","0.44"
"ams AG","1011706985","114728121","Technology","2.3","Austria","6053","equities","2.3"
"comScore Inc","1543344","175016","Technology","0.06","United States","7736","equities","0.06"
"nCino Inc","92352063","10472774","Technology","0.2","United States","8526","equities","0.2"
"nLight Inc","10055995","1140355","Technology","0.11","United States","8562","equities","0.11"
"salesforce.com Inc","23365324358","2649640447","Technology","1.06","United States","8850","equities","1.06"
"u-blox Holding AG","117676326","13344559","Technology","2.43","Switzerland","6166","equities","2.43"
"3D Systems Corp","176337298","19996745","Technology","0.73","United States","7252","equities","0.73"